Record_ID,Date,Region,Team,Metric_A,Metric_B,Metric_C,Score,Completion_Rate,Status,Is_Priority,Comments
REC-0001,2025-01-01,South,Alpha,85.09,142.91,54.08,81.0,0.676,Active,FALSE,Routine observation
REC-0002,2025-01-02,South,Epsilon,74.30,133.69,61.62,71.7,0.669,Active,FALSE,Follow-up recommended
REC-0003,2025-01-03,North,Gamma,74.77,135.53,43.93,80.2,0.679,Active,FALSE,Performance improving
REC-0004,2025-01-04,South,Gamma,81.62,131.79,46.89,82.0,0.694,Active,FALSE,Follow-up recommended
REC-0005,2025-01-05,South,Gamma,82.87,151.41,46.76,70.0,0.672,Review,FALSE,Follow-up recommended
REC-0006,2025-01-06,West,Epsilon,63.94,113.24,47.09,73.1,0.662,Active,FALSE,Performance improving
REC-0007,2025-01-07,West,Gamma,66.35,125.26,48.52,67.9,0.703,Review,FALSE,Within expected range
REC-0008,2025-01-08,South,Gamma,83.40,151.26,75.81,75.7,0.681,Active,TRUE,Follow-up recommended
REC-0009,2025-01-09,South,Alpha,82.49,151.49,46.78,79.0,0.548,Active,FALSE,No action required
REC-0010,2025-01-10,South,Gamma,77.88,128.22,55.07,88.6,0.648,Review,FALSE,Follow-up recommended
REC-0011,2025-01-11,South,Epsilon,80.84,138.55,,70.2,0.697,Active,TRUE,Performance improving
REC-0012,2025-01-12,West,Gamma,60.28,105.89,46.19,69.7,0.674,Active,FALSE,No action required
REC-0013,2025-01-13,South,Epsilon,86.70,160.17,37.83,69.7,0.775,Paused,FALSE,Within expected range
REC-0014,2025-01-14,South,Epsilon,80.22,134.63,,78.6,0.690,Review,FALSE,Follow-up recommended
REC-0015,2025-01-15,North,Alpha,88.31,145.66,52.66,81.6,0.665,Review,FALSE,No action required
REC-0016,2025-01-16,East,Beta,71.31,134.53,,71.2,0.735,Active,FALSE,Routine observation
REC-0017,2025-01-17,East,Alpha,77.61,141.02,36.05,78.7,0.678,Active,FALSE,No action required
REC-0018,2025-01-18,South,Alpha,93.55,181.64,48.90,83.3,0.657,Active,FALSE,Performance improving
REC-0019,2025-01-19,North,Delta,79.21,152.57,40.95,78.9,0.877,Paused,FALSE,Performance improving
REC-0020,2025-01-20,West,Epsilon,64.92,113.36,,72.4,0.705,Review,FALSE,Follow-up recommended
REC-0021,2025-01-21,West,Alpha,68.29,112.76,41.33,77.1,0.722,Review,FALSE,Routine observation
REC-0022,2025-01-22,South,Gamma,82.31,147.64,62.65,78.5,0.748,Active,FALSE,Performance improving
REC-0023,2025-01-23,North,Delta,76.25,126.34,55.03,80.7,0.656,Active,FALSE,Follow-up recommended
REC-0024,2025-01-24,East,Gamma,73.01,109.72,29.66,75.0,0.682,Active,FALSE,Routine observation
REC-0025,2025-01-25,North,Alpha,82.16,139.13,47.05,82.0,0.638,Review,FALSE,Performance improving
REC-0026,2025-01-26,North,Delta,87.84,154.87,46.15,78.0,0.717,Active,FALSE,Performance improving
REC-0027,2025-01-27,North,Alpha,89.87,153.12,49.12,81.5,0.638,Active,FALSE,Within expected range
REC-0028,2025-01-28,West,Alpha,80.47,145.24,38.15,77.5,0.718,Active,FALSE,No action required
REC-0029,2025-01-29,South,Beta,98.01,169.34,53.15,81.5,0.686,Paused,FALSE,Follow-up recommended
REC-0030,2025-01-30,North,Alpha,78.66,141.23,,79.7,0.630,Active,FALSE,Follow-up recommended
REC-0031,2025-01-31,South,Alpha,96.24,167.08,47.54,77.2,0.765,Active,FALSE,Within expected range
REC-0032,2025-02-01,South,Alpha,91.68,154.39,48.32,82.1,0.629,Active,FALSE,Performance improving
REC-0033,2025-02-02,North,Delta,93.94,164.59,37.16,79.0,0.687,Active,FALSE,Within expected range
REC-0034,2025-02-03,North,Gamma,70.22,111.04,47.54,70.4,0.774,Active,FALSE,Performance improving
REC-0035,2025-02-04,East,Beta,74.61,126.07,42.81,75.8,0.678,Paused,FALSE,Within expected range
REC-0036,2025-02-05,South,Delta,97.03,175.32,34.92,81.4,0.605,Paused,FALSE,No action required
REC-0037,2025-02-06,East,Gamma,75.50,137.39,48.18,76.8,0.578,Active,TRUE,No action required
REC-0038,2025-02-07,South,Beta,91.57,167.57,60.54,89.9,0.619,Active,FALSE,Follow-up recommended
REC-0039,2025-02-08,South,Alpha,82.68,138.38,54.71,80.4,0.622,Active,FALSE,Performance improving
REC-0040,2025-02-09,South,Epsilon,89.55,152.28,53.37,84.3,0.644,Paused,FALSE,Within expected range
REC-0041,2025-02-10,South,Gamma,79.91,144.50,52.62,82.8,0.714,Active,FALSE,
REC-0042,2025-02-11,South,Epsilon,87.03,149.50,52.53,82.3,0.643,Paused,FALSE,Routine observation
REC-0043,2025-02-12,South,Alpha,97.29,167.88,40.63,90.3,0.733,Review,FALSE,Follow-up recommended
REC-0044,2025-02-13,South,Delta,87.04,146.11,61.05,76.4,0.716,Active,FALSE,No action required
REC-0045,2025-02-14,South,Alpha,97.97,175.71,54.97,79.6,0.692,Active,FALSE,Performance improving
REC-0046,2025-02-15,South,Alpha,97.86,158.18,54.16,96.4,0.744,Active,FALSE,Routine observation
REC-0047,2025-02-16,South,Alpha,90.75,154.73,48.60,80.9,0.760,Active,FALSE,Follow-up recommended
REC-0048,2025-02-17,East,Beta,76.61,137.80,42.26,81.6,0.705,Active,FALSE,Performance improving
REC-0049,2025-02-18,South,Beta,97.30,178.50,57.59,75.7,0.822,Active,FALSE,No action required
REC-0050,2025-02-19,South,Gamma,97.28,178.57,52.58,75.9,0.701,Active,FALSE,Follow-up recommended
REC-0051,2025-02-20,West,Gamma,62.97,98.25,42.21,66.0,0.735,Active,FALSE,Routine observation
REC-0052,2025-02-21,East,Epsilon,70.36,117.12,38.63,86.2,0.719,Active,FALSE,Within expected range
REC-0053,2025-02-22,West,Gamma,65.61,111.50,42.88,77.5,0.635,Active,FALSE,
REC-0054,2025-02-23,South,Delta,95.75,165.11,46.41,75.9,0.666,Active,FALSE,No action required
REC-0055,2025-02-24,South,Gamma,88.13,166.92,47.38,88.7,0.787,Paused,FALSE,Performance improving
REC-0056,2025-02-25,East,Epsilon,73.76,128.33,46.15,77.1,0.740,Active,FALSE,
REC-0057,2025-02-26,North,Gamma,77.17,131.12,53.51,71.5,0.755,Active,FALSE,
REC-0058,2025-02-27,West,Delta,71.25,126.90,42.69,67.1,0.704,Active,FALSE,Follow-up recommended
REC-0059,2025-02-28,North,Beta,87.09,161.63,38.28,72.8,0.712,Active,FALSE,Within expected range
REC-0060,2025-03-01,South,Epsilon,93.75,182.94,58.56,89.5,0.760,Active,FALSE,Routine observation
REC-0061,2025-03-02,North,Alpha,77.22,141.79,46.23,76.9,0.690,Active,FALSE,Follow-up recommended
REC-0062,2025-03-03,South,Beta,93.49,154.66,55.98,73.3,0.597,Active,FALSE,Routine observation
REC-0063,2025-03-04,East,Epsilon,80.15,136.17,37.15,78.4,0.663,Active,FALSE,Routine observation
REC-0064,2025-03-05,East,Epsilon,77.58,135.77,46.06,87.8,0.675,Active,FALSE,Within expected range
REC-0065,2025-03-06,North,Epsilon,71.71,110.98,51.88,82.3,0.657,Active,TRUE,Performance improving
REC-0066,2025-03-07,West,Gamma,65.68,106.98,45.32,70.2,0.651,Active,FALSE,Performance improving
REC-0067,2025-03-08,North,Delta,88.06,142.90,62.12,79.7,0.684,Review,FALSE,Performance improving
REC-0068,2025-03-09,South,Epsilon,87.15,156.99,56.23,84.5,0.657,Paused,TRUE,No action required
REC-0069,2025-03-10,South,Alpha,89.51,155.51,67.45,79.4,0.675,Active,FALSE,Within expected range
REC-0070,2025-03-11,East,Delta,79.06,138.75,51.85,67.1,0.795,Active,FALSE,Routine observation
REC-0071,2025-03-12,South,Epsilon,86.26,151.53,50.00,67.8,0.628,Active,FALSE,No action required
REC-0072,2025-03-13,East,Delta,74.61,123.79,,79.4,0.791,Active,FALSE,Performance improving
REC-0073,2025-03-14,East,Delta,72.41,134.47,51.46,60.0,0.689,Review,FALSE,Within expected range
REC-0074,2025-03-15,South,Epsilon,85.86,151.44,51.34,86.5,0.801,Active,FALSE,Performance improving
REC-0075,2025-03-16,South,Delta,83.90,134.19,,69.0,0.668,Active,FALSE,
REC-0076,2025-03-17,South,Gamma,87.47,166.33,51.81,77.0,0.718,Active,FALSE,Performance improving
REC-0077,2025-03-18,North,Gamma,76.50,127.49,45.23,78.8,0.631,Active,FALSE,Follow-up recommended
REC-0078,2025-03-19,South,Beta,85.88,139.71,52.14,80.0,0.792,Paused,FALSE,Routine observation
REC-0079,2025-03-20,South,Epsilon,87.91,161.08,46.74,86.2,0.667,Active,FALSE,Follow-up recommended
REC-0080,2025-03-21,North,Delta,75.76,123.17,44.00,81.2,0.706,Paused,FALSE,Performance improving
REC-0081,2025-03-22,East,Alpha,84.61,141.02,50.52,67.4,0.715,Active,FALSE,Follow-up recommended
REC-0082,2025-03-23,East,Beta,70.87,112.04,32.08,71.7,0.668,Review,FALSE,Within expected range
REC-0083,2025-03-24,South,Delta,89.46,160.36,33.90,76.1,0.579,Active,FALSE,Performance improving
REC-0084,2025-03-25,West,Alpha,70.95,121.07,41.55,75.0,0.667,Paused,FALSE,Performance improving
REC-0085,2025-03-26,South,Delta,94.09,165.52,41.96,83.9,0.672,Active,FALSE,Routine observation
REC-0086,2025-03-27,South,Epsilon,77.88,131.13,60.48,71.7,0.642,Paused,FALSE,Within expected range
REC-0087,2025-03-28,North,Alpha,178.51,319.02,59.98,100.0,0.754,Review,FALSE,Potential anomaly - investigate
REC-0088,2025-03-29,West,Alpha,75.87,123.20,46.26,74.4,0.695,Active,FALSE,Within expected range
REC-0089,2025-03-30,South,Gamma,78.97,144.17,54.09,91.5,0.682,Active,FALSE,Follow-up recommended
REC-0090,2025-03-31,North,Gamma,73.17,132.19,45.58,74.6,0.715,Active,FALSE,Within expected range
REC-0091,2025-04-01,South,Gamma,78.51,140.21,48.96,80.1,0.745,Paused,FALSE,Routine observation
REC-0092,2025-04-02,East,Epsilon,69.36,125.80,53.90,77.6,0.614,Active,FALSE,No action required
REC-0093,2025-04-03,South,Epsilon,81.23,155.63,55.29,82.6,0.659,Active,FALSE,Routine observation
REC-0094,2025-04-04,South,Alpha,76.49,134.93,54.57,77.5,0.696,Paused,FALSE,No action required
REC-0095,2025-04-05,West,Epsilon,65.12,111.32,48.98,63.6,0.758,Paused,TRUE,No action required
REC-0096,2025-04-06,South,Beta,76.11,140.92,42.89,82.1,0.694,Active,FALSE,Performance improving
REC-0097,2025-04-07,North,Alpha,82.00,143.24,41.24,79.4,0.729,Review,FALSE,Within expected range
REC-0098,2025-04-08,West,Delta,75.27,122.29,50.30,74.5,0.667,Paused,FALSE,Performance improving
REC-0099,2025-04-09,East,Gamma,74.01,134.37,46.74,76.7,0.777,Review,FALSE,No action required
REC-0100,2025-04-10,South,Gamma,84.54,149.11,53.23,65.2,0.692,Paused,FALSE,Performance improving
REC-0101,2025-04-11,West,Alpha,73.04,127.69,36.13,70.7,0.742,Paused,FALSE,Within expected range
REC-0102,2025-04-12,North,Alpha,82.07,154.74,50.75,78.7,0.657,Active,FALSE,Within expected range
REC-0103,2025-04-13,South,Alpha,88.12,151.70,,70.8,0.724,Active,TRUE,No action required
REC-0104,2025-04-14,West,Beta,67.55,111.62,46.99,78.7,0.688,Active,FALSE,No action required
REC-0105,2025-04-15,South,Delta,86.20,152.36,50.43,92.6,0.733,Review,FALSE,Performance improving
REC-0106,2025-04-16,South,Alpha,75.24,143.36,60.01,88.9,0.628,Active,FALSE,Routine observation
REC-0107,2025-04-17,South,Delta,86.82,161.03,43.58,81.2,0.820,Paused,TRUE,Routine observation
REC-0108,2025-04-18,East,Gamma,66.54,101.81,45.04,69.6,0.742,Paused,FALSE,Routine observation
REC-0109,2025-04-19,South,Epsilon,83.43,146.54,44.37,85.2,0.683,Review,FALSE,Within expected range
REC-0110,2025-04-20,North,Alpha,69.80,124.35,50.69,66.9,0.704,Active,FALSE,Routine observation
REC-0111,2025-04-21,East,Alpha,75.26,124.57,37.49,68.7,0.737,Active,FALSE,Performance improving
REC-0112,2025-04-22,South,Epsilon,77.82,136.88,,77.9,0.764,Review,FALSE,Follow-up recommended
REC-0113,2025-04-23,West,Epsilon,61.90,103.66,,68.9,0.755,Active,FALSE,No action required
REC-0114,2025-04-24,South,Gamma,85.83,156.95,49.61,88.4,0.648,Active,FALSE,Routine observation
REC-0115,2025-04-25,South,Delta,75.51,140.81,59.97,82.8,0.759,Active,FALSE,Follow-up recommended
REC-0116,2025-04-26,East,Epsilon,74.77,137.45,41.66,75.9,0.667,Active,FALSE,Follow-up recommended
REC-0117,2025-04-27,North,Alpha,88.03,144.09,47.58,79.1,0.648,Review,FALSE,Follow-up recommended
REC-0118,2025-04-28,South,Epsilon,81.67,138.44,45.34,80.2,0.702,Active,FALSE,Performance improving
REC-0119,2025-04-29,West,Delta,65.30,118.61,38.39,69.9,0.651,Active,FALSE,Performance improving
REC-0120,2025-04-30,North,Beta,74.49,126.22,48.00,84.4,0.776,Review,TRUE,Routine observation
REC-0121,2025-05-01,South,Epsilon,76.14,138.41,58.00,80.3,0.708,Active,FALSE,Routine observation
REC-0122,2025-05-02,South,Delta,89.56,156.46,67.93,82.5,0.769,Active,FALSE,Routine observation
REC-0123,2025-05-03,East,Beta,64.63,113.60,35.13,63.3,0.637,Active,TRUE,Follow-up recommended
REC-0124,2025-05-04,South,Alpha,86.43,145.44,55.72,82.3,0.670,Active,TRUE,No action required
REC-0125,2025-05-05,South,Beta,77.55,135.60,52.38,72.0,0.786,Paused,FALSE,Routine observation
REC-0126,2025-05-06,West,Epsilon,50.08,86.54,34.43,67.0,0.640,Active,FALSE,
REC-0127,2025-05-07,South,Alpha,87.40,154.71,40.69,78.6,0.740,Paused,FALSE,Follow-up recommended
REC-0128,2025-05-08,West,Delta,62.99,99.48,52.17,76.6,0.677,Active,TRUE,Routine observation
REC-0129,2025-05-09,South,Epsilon,82.38,142.00,52.32,75.1,0.686,Active,FALSE,Within expected range
REC-0130,2025-05-10,South,Delta,84.95,131.71,37.71,89.4,0.655,Review,FALSE,Within expected range
REC-0131,2025-05-11,North,Epsilon,72.66,132.20,47.86,74.6,0.753,Active,FALSE,Within expected range
REC-0132,2025-05-12,North,Delta,75.78,134.50,52.47,72.1,0.774,Active,FALSE,Routine observation
REC-0133,2025-05-13,South,Beta,83.75,150.81,50.86,70.3,0.661,Active,TRUE,Follow-up recommended
REC-0134,2025-05-14,South,Epsilon,84.77,149.28,45.59,80.5,0.704,Active,FALSE,Performance improving
REC-0135,2025-05-15,West,Alpha,71.79,124.79,32.80,69.3,0.777,Active,FALSE,Performance improving
REC-0136,2025-05-16,East,Delta,75.10,135.54,46.85,77.7,0.681,Active,FALSE,Within expected range
REC-0137,2025-05-17,South,Gamma,64.72,120.76,43.12,80.8,0.690,Review,FALSE,Follow-up recommended
REC-0138,2025-05-18,North,Delta,83.89,148.48,39.42,86.4,0.650,Active,TRUE,Performance improving
REC-0139,2025-05-19,South,Delta,84.62,149.47,49.55,87.2,0.714,Paused,FALSE,No action required
REC-0140,2025-05-20,East,Epsilon,76.40,152.66,28.97,81.8,0.758,Active,FALSE,Follow-up recommended
REC-0141,2025-05-21,South,Epsilon,84.09,159.37,43.70,78.5,0.815,Active,FALSE,Within expected range
REC-0142,2025-05-22,East,Epsilon,74.12,128.04,,67.7,0.639,Active,FALSE,Routine observation
REC-0143,2025-05-23,South,Beta,79.73,140.42,44.77,72.8,0.676,Active,FALSE,Within expected range
REC-0144,2025-05-24,East,Gamma,63.54,114.71,46.96,78.0,0.677,Paused,FALSE,Within expected range
REC-0145,2025-05-25,West,Beta,71.09,125.05,32.60,78.4,0.758,Active,FALSE,
REC-0146,2025-05-26,West,Epsilon,57.15,110.11,51.49,64.7,0.819,Active,FALSE,Performance improving
REC-0147,2025-05-27,West,Delta,69.32,140.39,,58.8,0.726,Active,FALSE,Routine observation
REC-0148,2025-05-28,West,Delta,72.65,128.15,,77.4,0.727,Active,FALSE,Performance improving
REC-0149,2025-05-29,South,Gamma,88.80,163.88,55.70,80.3,0.684,Paused,FALSE,No action required
REC-0150,2025-05-30,South,Gamma,79.84,137.01,57.86,83.8,0.718,Paused,TRUE,Within expected range
REC-0151,2025-05-31,North,Epsilon,77.39,147.26,60.47,74.2,0.787,Active,FALSE,No action required
REC-0152,2025-06-01,South,Epsilon,82.99,159.23,44.91,84.8,0.812,Paused,FALSE,Routine observation
REC-0153,2025-06-02,East,Epsilon,73.25,116.89,37.75,72.3,0.715,Review,FALSE,Performance improving
REC-0154,2025-06-03,North,Alpha,84.32,155.59,41.70,81.6,0.754,Active,FALSE,Routine observation
REC-0155,2025-06-04,South,Delta,96.28,161.64,51.03,88.1,0.851,Active,FALSE,Within expected range
REC-0156,2025-06-05,South,Epsilon,83.33,164.01,63.95,77.2,0.709,Active,FALSE,Within expected range
REC-0157,2025-06-06,East,Gamma,66.83,125.62,,61.5,0.850,Active,FALSE,Within expected range
REC-0158,2025-06-07,North,Delta,77.84,125.20,50.95,87.8,0.725,Active,FALSE,No action required
REC-0159,2025-06-08,North,Epsilon,85.11,149.83,,83.2,0.767,Paused,FALSE,Follow-up recommended
REC-0160,2025-06-09,West,Delta,70.12,109.19,30.97,76.0,0.738,Active,FALSE,Routine observation
REC-0161,2025-06-10,East,Alpha,77.20,139.34,40.75,79.4,0.711,Active,FALSE,Performance improving
REC-0162,2025-06-11,West,Gamma,72.08,125.38,37.96,74.0,0.786,Review,FALSE,No action required
REC-0163,2025-06-12,West,Delta,76.44,131.70,,71.7,0.822,Paused,FALSE,Follow-up recommended
REC-0164,2025-06-13,South,Beta,95.61,181.38,62.46,75.0,0.712,Active,FALSE,Follow-up recommended
REC-0165,2025-06-14,North,Delta,84.25,148.65,59.67,83.5,0.723,Active,FALSE,Within expected range
REC-0166,2025-06-15,North,Alpha,82.86,146.02,41.80,65.7,0.816,Paused,FALSE,Within expected range
REC-0167,2025-06-16,West,Delta,72.47,134.41,50.53,70.4,0.700,Active,FALSE,No action required
REC-0168,2025-06-17,East,Epsilon,79.75,137.19,32.69,80.4,0.807,Review,TRUE,No action required
REC-0169,2025-06-18,North,Epsilon,84.62,136.81,51.78,77.3,0.671,Active,FALSE,Routine observation
REC-0170,2025-06-19,South,Alpha,88.90,151.25,51.48,81.1,0.739,Active,FALSE,Routine observation
REC-0171,2025-06-20,South,Alpha,96.53,171.70,50.94,83.4,0.734,Active,FALSE,Performance improving
REC-0172,2025-06-21,South,Delta,90.04,166.10,47.41,73.9,0.709,Review,FALSE,Performance improving
REC-0173,2025-06-22,South,Alpha,92.89,163.42,32.62,71.7,0.763,Active,FALSE,Follow-up recommended
REC-0174,2025-06-23,South,Alpha,104.15,184.63,39.67,74.9,0.775,Active,TRUE,Routine observation
REC-0175,2025-06-24,East,Alpha,82.84,145.05,45.10,71.3,0.769,Active,FALSE,Follow-up recommended
REC-0176,2025-06-25,East,Epsilon,77.65,145.69,40.12,72.1,0.731,Active,FALSE,
REC-0177,2025-06-26,West,Beta,81.37,136.47,35.74,61.7,0.746,Paused,FALSE,Performance improving
REC-0178,2025-06-27,South,Beta,94.01,169.37,46.95,80.3,0.761,Active,FALSE,Routine observation
REC-0179,2025-06-28,South,Beta,104.99,179.05,55.46,83.2,0.764,Active,TRUE,Within expected range
REC-0180,2025-06-29,South,Gamma,87.60,160.90,54.64,80.1,0.770,Active,FALSE,Performance improving
REC-0181,2025-06-30,South,Alpha,92.45,163.03,56.41,80.4,0.644,Active,FALSE,No action required
REC-0182,2025-07-01,South,Gamma,93.73,156.30,45.54,80.1,0.738,Active,FALSE,Performance improving
REC-0183,2025-07-02,South,Gamma,99.16,164.71,56.63,83.4,0.777,Review,FALSE,No action required
REC-0184,2025-07-03,South,Beta,89.50,167.01,41.79,80.1,0.726,Paused,FALSE,Performance improving
REC-0185,2025-07-04,South,Beta,93.07,161.16,,87.6,0.707,Active,FALSE,No action required
REC-0186,2025-07-05,West,Alpha,84.28,139.28,43.79,75.0,0.743,Active,FALSE,Routine observation
REC-0187,2025-07-06,South,Delta,98.37,171.37,50.95,76.5,0.733,Paused,TRUE,Within expected range
REC-0188,2025-07-07,South,Delta,103.00,163.79,54.46,85.5,0.769,Review,TRUE,Within expected range
REC-0189,2025-07-08,South,Gamma,97.03,178.37,50.04,82.6,0.839,Active,FALSE,Routine observation
REC-0190,2025-07-09,South,Alpha,95.49,157.67,63.74,87.5,0.713,Active,FALSE,No action required
REC-0191,2025-07-10,West,Epsilon,76.21,130.92,41.33,88.5,0.808,Review,FALSE,Routine observation
REC-0192,2025-07-11,North,Beta,81.78,136.16,46.36,72.0,0.779,Active,FALSE,No action required
REC-0193,2025-07-12,North,Alpha,93.45,141.89,47.91,87.2,0.769,Active,FALSE,No action required
REC-0194,2025-07-13,South,Gamma,99.14,174.68,60.12,82.4,0.660,Paused,FALSE,
REC-0195,2025-07-14,South,Beta,107.72,187.75,49.18,90.5,0.826,Paused,TRUE,Follow-up recommended
REC-0196,2025-07-15,North,Alpha,97.56,167.69,48.23,79.5,0.803,Review,FALSE,
REC-0197,2025-07-16,South,Epsilon,99.37,168.12,48.42,79.1,0.782,Active,FALSE,No action required
REC-0198,2025-07-17,South,Beta,97.52,166.17,51.34,87.0,0.771,Active,FALSE,Performance improving
REC-0199,2025-07-18,West,Delta,87.23,148.26,38.43,83.4,0.781,Active,FALSE,No action required
REC-0200,2025-07-19,South,Delta,104.88,169.02,55.74,83.8,0.687,Active,TRUE,Performance improving
REC-0201,2025-07-20,West,Gamma,90.96,158.11,31.13,90.7,0.729,Active,FALSE,Performance improving
REC-0202,2025-07-21,South,Epsilon,100.73,188.64,63.12,84.8,0.789,Active,TRUE,Routine observation
REC-0203,2025-07-22,South,Delta,99.96,179.28,56.56,82.9,0.786,Active,FALSE,Routine observation
REC-0204,2025-07-23,South,Epsilon,85.98,149.72,48.86,72.1,0.766,Review,FALSE,
REC-0205,2025-07-24,East,Gamma,79.71,145.01,51.34,69.4,0.718,Active,FALSE,Performance improving
REC-0206,2025-07-25,South,Epsilon,90.19,153.48,53.23,86.0,0.664,Active,FALSE,Within expected range
REC-0207,2025-07-26,South,Alpha,104.09,196.33,63.09,87.4,0.793,Active,TRUE,Follow-up recommended
REC-0208,2025-07-27,North,Delta,90.60,164.69,49.28,77.6,0.803,Active,FALSE,Follow-up recommended
REC-0209,2025-07-28,South,Delta,95.53,172.78,,78.6,0.775,Active,FALSE,Performance improving
REC-0210,2025-07-29,South,Epsilon,96.97,170.03,53.24,86.9,0.723,Review,FALSE,Follow-up recommended
REC-0211,2025-07-30,North,Delta,83.86,135.51,46.27,71.7,0.707,Active,FALSE,Within expected range
REC-0212,2025-07-31,East,Gamma,90.22,152.66,40.15,75.7,0.756,Active,FALSE,No action required
REC-0213,2025-08-01,South,Delta,103.86,186.22,61.15,81.1,0.674,Active,TRUE,No action required
REC-0214,2025-08-02,South,Delta,291.47,517.48,59.69,100.0,0.775,Review,FALSE,Potential anomaly - investigate
REC-0215,2025-08-03,East,Delta,92.52,170.88,44.40,76.8,0.797,Active,FALSE,No action required
REC-0216,2025-08-04,South,Alpha,103.00,174.58,49.56,66.1,0.706,Review,TRUE,Routine observation
REC-0217,2025-08-05,South,Delta,108.75,199.36,52.05,80.4,0.822,Active,TRUE,Routine observation
REC-0218,2025-08-06,East,Beta,87.14,155.76,54.09,75.0,0.646,Active,FALSE,Follow-up recommended
REC-0219,2025-08-07,East,Alpha,84.52,143.71,39.51,76.6,0.806,Review,FALSE,Routine observation
REC-0220,2025-08-08,South,Alpha,101.48,193.64,51.34,91.8,0.843,Active,TRUE,Follow-up recommended
REC-0221,2025-08-09,East,Delta,82.40,144.89,42.15,84.2,0.676,Active,FALSE,Performance improving
REC-0222,2025-08-10,West,Gamma,81.96,134.55,43.27,67.4,0.698,Active,FALSE,Performance improving
REC-0223,2025-08-11,West,Epsilon,70.26,135.54,44.71,68.4,0.736,Active,FALSE,No action required
REC-0224,2025-08-12,West,Alpha,89.33,167.08,43.80,80.6,0.749,Active,FALSE,Performance improving
REC-0225,2025-08-13,South,Beta,101.68,173.37,62.09,74.8,0.806,Active,TRUE,Within expected range
REC-0226,2025-08-14,North,Gamma,89.06,153.84,36.39,77.6,0.770,Active,TRUE,Performance improving
REC-0227,2025-08-15,South,Delta,108.02,189.76,60.53,68.9,0.731,Active,TRUE,Follow-up recommended
REC-0228,2025-08-16,North,Gamma,87.45,148.49,52.36,71.3,0.834,Paused,FALSE,Follow-up recommended
REC-0229,2025-08-17,South,Beta,90.62,163.30,49.22,77.9,0.682,Active,FALSE,Routine observation
REC-0230,2025-08-18,East,Gamma,86.94,158.92,41.61,82.4,0.798,Review,TRUE,No action required
REC-0231,2025-08-19,East,Alpha,93.02,153.21,40.30,87.9,0.661,Active,FALSE,Follow-up recommended
REC-0232,2025-08-20,South,Epsilon,95.15,181.63,58.33,87.3,0.766,Active,FALSE,No action required
REC-0233,2025-08-21,North,Delta,98.72,168.89,50.60,82.9,0.760,Active,TRUE,No action required
REC-0234,2025-08-22,East,Delta,88.76,154.35,40.23,71.8,0.743,Active,FALSE,Routine observation
REC-0235,2025-08-23,East,Epsilon,80.10,149.60,43.84,68.8,0.730,Active,FALSE,Routine observation
REC-0236,2025-08-24,North,Epsilon,82.65,139.31,44.20,77.6,0.664,Paused,TRUE,Follow-up recommended
REC-0237,2025-08-25,West,Epsilon,69.62,120.23,40.61,80.3,0.763,Active,FALSE,Routine observation
REC-0238,2025-08-26,South,Gamma,83.53,143.72,43.08,84.2,0.794,Active,FALSE,No action required
REC-0239,2025-08-27,East,Epsilon,81.39,138.92,42.97,77.4,0.770,Active,TRUE,Performance improving
REC-0240,2025-08-28,West,Alpha,82.75,128.06,35.94,77.8,0.702,Active,FALSE,
REC-0241,2025-08-29,South,Epsilon,93.42,161.16,53.41,88.3,0.823,Active,FALSE,Within expected range
REC-0242,2025-08-30,North,Beta,88.45,151.17,59.85,79.5,0.720,Active,FALSE,Follow-up recommended
REC-0243,2025-08-31,East,Beta,88.97,156.02,43.69,85.4,0.831,Active,FALSE,Performance improving
REC-0244,2025-09-01,North,Epsilon,76.00,141.30,,91.9,0.727,Active,FALSE,Routine observation
REC-0245,2025-09-02,East,Delta,84.02,139.67,45.91,78.1,0.792,Active,FALSE,No action required
REC-0246,2025-09-03,West,Beta,80.82,137.40,54.19,83.0,0.739,Active,FALSE,Within expected range
REC-0247,2025-09-04,West,Beta,80.37,130.24,43.35,80.5,0.707,Active,FALSE,Performance improving
REC-0248,2025-09-05,North,Beta,87.04,154.73,42.42,77.1,0.688,Active,FALSE,Follow-up recommended
REC-0249,2025-09-06,South,Epsilon,96.80,171.44,53.84,78.7,0.880,Review,FALSE,Follow-up recommended
REC-0250,2025-09-07,East,Alpha,82.70,159.76,43.99,81.3,0.764,Active,FALSE,Routine observation
REC-0251,2025-09-08,East,Alpha,88.76,155.24,35.25,71.2,0.865,Active,FALSE,
REC-0252,2025-09-09,West,Delta,85.57,153.24,34.68,87.9,0.785,Active,FALSE,Follow-up recommended
REC-0253,2025-09-10,North,Epsilon,80.36,136.53,45.98,83.4,0.748,Active,FALSE,Performance improving
REC-0254,2025-09-11,South,Epsilon,91.39,166.64,31.72,81.7,0.713,Active,FALSE,Within expected range
REC-0255,2025-09-12,South,Beta,100.44,177.52,64.56,85.1,0.748,Active,TRUE,No action required
REC-0256,2025-09-13,South,Beta,102.55,188.92,58.02,82.6,0.879,Paused,TRUE,Routine observation
REC-0257,2025-09-14,South,Delta,89.62,168.94,54.45,77.0,0.679,Review,FALSE,Routine observation
REC-0258,2025-09-15,South,Beta,88.35,149.84,50.25,92.1,0.761,Active,FALSE,Follow-up recommended
REC-0259,2025-09-16,South,Beta,98.83,174.10,,89.9,0.790,Active,FALSE,Routine observation
REC-0260,2025-09-17,West,Alpha,75.76,141.62,29.58,81.8,0.757,Active,FALSE,No action required
REC-0261,2025-09-18,North,Beta,83.31,137.27,42.81,73.0,0.733,Review,FALSE,Within expected range
REC-0262,2025-09-19,North,Gamma,87.92,153.18,42.18,79.8,0.775,Review,FALSE,Performance improving
REC-0263,2025-09-20,South,Beta,83.63,135.54,56.84,77.6,0.643,Paused,FALSE,Routine observation
REC-0264,2025-09-21,North,Alpha,81.82,148.37,38.62,77.2,0.719,Active,TRUE,Follow-up recommended
REC-0265,2025-09-22,East,Alpha,88.53,157.50,39.30,81.5,0.666,Active,FALSE,Routine observation
REC-0266,2025-09-23,South,Beta,97.62,172.46,54.34,85.2,0.732,Active,FALSE,Routine observation
REC-0267,2025-09-24,North,Alpha,75.98,127.98,55.84,80.7,0.721,Paused,TRUE,Follow-up recommended
REC-0268,2025-09-25,North,Gamma,76.34,135.03,52.37,73.2,0.683,Active,FALSE,Within expected range
REC-0269,2025-09-26,South,Epsilon,91.56,156.33,,85.5,0.750,Active,FALSE,Routine observation
REC-0270,2025-09-27,South,Alpha,102.01,174.61,52.57,85.0,0.708,Paused,TRUE,Within expected range
REC-0271,2025-09-28,South,Delta,90.16,164.13,51.35,86.9,0.782,Paused,TRUE,Routine observation
REC-0272,2025-09-29,South,Epsilon,93.71,164.38,54.46,75.7,0.823,Paused,FALSE,Performance improving
REC-0273,2025-09-30,South,Delta,100.22,168.12,36.96,82.9,0.804,Review,TRUE,Follow-up recommended
REC-0274,2025-10-01,North,Beta,75.54,146.51,45.79,80.6,0.821,Active,FALSE,Follow-up recommended
REC-0275,2025-10-02,East,Gamma,73.22,139.82,44.05,73.1,0.705,Review,FALSE,
REC-0276,2025-10-03,East,Epsilon,75.41,123.71,41.97,73.2,0.794,Active,FALSE,Routine observation
REC-0277,2025-10-04,South,Epsilon,97.06,158.64,51.09,90.9,0.716,Active,FALSE,Follow-up recommended
REC-0278,2025-10-05,South,Delta,91.09,164.93,47.98,81.3,0.876,Active,FALSE,Routine observation
REC-0279,2025-10-06,South,Delta,98.33,162.63,56.96,81.8,0.747,Active,FALSE,Within expected range
REC-0280,2025-10-07,North,Delta,92.39,165.27,60.67,80.3,0.677,Active,FALSE,
REC-0281,2025-10-08,East,Delta,87.99,165.73,44.23,78.6,0.818,Active,FALSE,Routine observation
REC-0282,2025-10-09,East,Gamma,85.43,143.45,48.76,68.1,0.861,Active,FALSE,Within expected range
REC-0283,2025-10-10,West,Delta,73.64,125.01,48.68,86.5,0.778,Active,FALSE,Routine observation
REC-0284,2025-10-11,West,Beta,68.00,111.76,32.58,73.3,0.841,Paused,TRUE,Routine observation
REC-0285,2025-10-12,North,Alpha,86.80,162.71,58.35,76.0,0.768,Active,FALSE,Performance improving
REC-0286,2025-10-13,East,Epsilon,73.85,126.26,44.96,66.9,0.774,Active,FALSE,No action required
REC-0287,2025-10-14,South,Alpha,90.29,158.84,50.97,85.5,0.766,Paused,FALSE,Within expected range
REC-0288,2025-10-15,South,Alpha,102.06,183.52,40.15,76.4,0.729,Paused,TRUE,Follow-up recommended
REC-0289,2025-10-16,West,Gamma,77.18,130.57,40.23,68.7,0.891,Paused,FALSE,Follow-up recommended
REC-0290,2025-10-17,South,Gamma,88.72,139.82,51.38,86.5,0.678,Active,FALSE,Performance improving
REC-0291,2025-10-18,East,Beta,90.25,152.32,40.20,76.8,0.802,Active,FALSE,Within expected range
REC-0292,2025-10-19,West,Delta,88.21,165.08,44.29,72.4,0.742,Active,FALSE,No action required
REC-0293,2025-10-20,South,Delta,103.59,186.51,55.04,87.1,0.717,Active,TRUE,Follow-up recommended
REC-0294,2025-10-21,East,Delta,85.97,138.78,60.86,78.3,0.802,Active,FALSE,Follow-up recommended
REC-0295,2025-10-22,East,Alpha,87.25,158.89,36.31,82.2,0.778,Paused,FALSE,Within expected range
REC-0296,2025-10-23,East,Epsilon,78.80,142.28,52.80,73.9,0.751,Active,FALSE,Within expected range
REC-0297,2025-10-24,South,Beta,94.28,165.96,59.32,79.3,0.711,Paused,FALSE,Follow-up recommended
REC-0298,2025-10-25,South,Beta,92.26,170.33,65.12,81.3,0.773,Active,FALSE,Follow-up recommended
REC-0299,2025-10-26,North,Gamma,79.05,124.58,40.91,83.2,0.796,Active,FALSE,
REC-0300,2025-10-27,East,Delta,76.44,129.91,44.23,76.2,0.878,Paused,FALSE,Routine observation
REC-0301,2025-10-28,East,Gamma,72.97,119.04,29.93,81.7,0.702,Active,FALSE,Performance improving
REC-0302,2025-10-29,South,Epsilon,91.22,167.06,50.89,77.5,0.805,Active,FALSE,
REC-0303,2025-10-30,East,Alpha,88.71,145.02,44.80,81.9,0.690,Active,TRUE,Follow-up recommended
REC-0304,2025-10-31,South,Alpha,96.53,172.94,54.55,86.8,0.799,Active,FALSE,Performance improving
REC-0305,2025-11-01,East,Alpha,88.05,154.35,39.24,75.4,0.905,Paused,FALSE,Routine observation
REC-0306,2025-11-02,North,Delta,79.87,145.97,46.69,68.6,0.864,Paused,FALSE,Follow-up recommended
REC-0307,2025-11-03,North,Beta,94.51,176.06,38.97,82.3,0.711,Review,FALSE,Routine observation
REC-0308,2025-11-04,East,Beta,85.59,140.57,,83.9,0.746,Paused,TRUE,Within expected range
REC-0309,2025-11-05,South,Epsilon,92.63,156.48,65.68,77.6,0.697,Active,FALSE,Follow-up recommended
REC-0310,2025-11-06,East,Beta,82.54,149.87,35.41,80.1,0.787,Active,FALSE,No action required
REC-0311,2025-11-07,West,Alpha,82.73,137.75,38.25,82.4,0.713,Active,FALSE,Routine observation
REC-0312,2025-11-08,South,Delta,97.67,167.11,53.15,73.6,0.791,Active,TRUE,
REC-0313,2025-11-09,North,Epsilon,92.13,158.61,54.94,75.9,0.752,Active,FALSE,Follow-up recommended
REC-0314,2025-11-10,East,Epsilon,77.89,124.77,44.72,76.2,0.761,Active,FALSE,Routine observation
REC-0315,2025-11-11,West,Gamma,73.09,125.62,52.71,83.4,0.679,Active,FALSE,Routine observation
REC-0316,2025-11-12,North,Delta,90.42,161.43,60.76,82.3,0.841,Active,FALSE,No action required
REC-0317,2025-11-13,South,Epsilon,97.83,170.03,43.39,82.4,0.925,Active,FALSE,No action required
REC-0318,2025-11-14,East,Beta,89.03,155.29,39.36,73.8,0.844,Review,FALSE,Performance improving
REC-0319,2025-11-15,East,Beta,83.89,167.17,50.56,77.3,0.833,Paused,FALSE,No action required
REC-0320,2025-11-16,West,Epsilon,83.90,143.22,37.53,75.0,0.757,Paused,FALSE,Follow-up recommended
REC-0321,2025-11-17,West,Epsilon,73.48,125.59,38.08,65.7,0.719,Paused,FALSE,Performance improving
REC-0322,2025-11-18,South,Delta,98.10,175.17,44.05,85.8,0.798,Active,FALSE,Within expected range
REC-0323,2025-11-19,South,Gamma,96.99,172.01,53.01,78.2,0.738,Review,FALSE,No action required
REC-0324,2025-11-20,South,Beta,97.99,157.23,51.14,79.4,0.706,Active,TRUE,Performance improving
REC-0325,2025-11-21,East,Epsilon,93.26,167.58,47.10,92.7,0.835,Paused,FALSE,Within expected range
REC-0326,2025-11-22,South,Beta,95.60,165.94,56.21,80.2,0.759,Review,FALSE,Routine observation
REC-0327,2025-11-23,South,Beta,105.18,197.18,,84.7,0.810,Active,TRUE,No action required
REC-0328,2025-11-24,South,Gamma,96.79,158.96,52.54,75.5,0.877,Active,FALSE,Follow-up recommended
REC-0329,2025-11-25,North,Epsilon,87.48,152.28,48.87,83.6,0.767,Review,FALSE,No action required
REC-0330,2025-11-26,East,Alpha,96.02,173.58,47.26,82.4,0.881,Active,FALSE,Routine observation
REC-0331,2025-11-27,West,Alpha,83.49,152.66,,91.3,0.821,Active,FALSE,Performance improving
REC-0332,2025-11-28,South,Epsilon,95.11,169.57,53.56,91.8,0.778,Paused,FALSE,Routine observation
REC-0333,2025-11-29,South,Delta,105.49,179.94,,73.7,0.793,Active,TRUE,Follow-up recommended
REC-0334,2025-11-30,North,Alpha,90.69,172.11,52.16,73.1,0.769,Active,FALSE,Performance improving
REC-0335,2025-12-01,South,Alpha,103.37,183.47,63.17,84.3,0.889,Active,TRUE,Routine observation
REC-0336,2025-12-02,South,Gamma,102.78,174.76,48.47,89.0,0.771,Paused,TRUE,Routine observation
REC-0337,2025-12-03,North,Delta,98.66,157.76,45.23,90.8,0.761,Paused,FALSE,
REC-0338,2025-12-04,West,Beta,97.08,170.46,41.49,76.1,0.756,Active,FALSE,Follow-up recommended
REC-0339,2025-12-05,South,Delta,113.47,189.84,54.79,89.8,0.765,Active,TRUE,Follow-up recommended
REC-0340,2025-12-06,North,Epsilon,90.07,147.82,50.13,79.7,0.821,Paused,TRUE,No action required
REC-0341,2025-12-07,North,Beta,100.51,182.43,52.96,80.1,0.720,Active,TRUE,No action required
REC-0342,2025-12-08,East,Delta,96.25,171.83,48.29,84.1,0.707,Active,FALSE,Within expected range
REC-0343,2025-12-09,West,Delta,82.25,148.59,37.65,78.3,0.785,Active,FALSE,No action required
REC-0344,2025-12-10,South,Alpha,105.98,197.60,43.45,77.2,0.720,Review,TRUE,Performance improving
REC-0345,2025-12-11,North,Gamma,75.27,123.85,36.09,77.9,0.772,Paused,FALSE,Within expected range
REC-0346,2025-12-12,North,Gamma,95.74,155.74,47.86,88.1,0.712,Active,FALSE,No action required
REC-0347,2025-12-13,South,Epsilon,96.24,150.76,51.29,75.1,0.775,Active,FALSE,
REC-0348,2025-12-14,South,Gamma,105.24,170.53,62.12,85.7,0.790,Paused,TRUE,Within expected range
REC-0349,2025-12-15,South,Gamma,104.72,177.87,47.84,83.3,0.770,Paused,TRUE,Routine observation
REC-0350,2025-12-16,West,Epsilon,84.01,134.78,48.20,72.5,0.891,Active,FALSE,No action required
REC-0351,2025-12-17,South,Epsilon,101.99,174.16,54.56,88.8,0.797,Active,TRUE,Performance improving
REC-0352,2025-12-18,South,Delta,105.86,174.65,53.23,80.9,0.754,Active,TRUE,Routine observation
REC-0353,2025-12-19,North,Epsilon,101.82,180.72,53.08,85.1,0.868,Review,TRUE,No action required
REC-0354,2025-12-20,East,Gamma,103.07,185.67,41.41,78.5,0.762,Active,TRUE,Follow-up recommended
REC-0355,2025-12-21,North,Epsilon,223.55,383.98,45.05,100.0,0.795,Review,FALSE,Potential anomaly - investigate
REC-0356,2025-12-22,North,Epsilon,99.76,167.26,44.51,84.6,0.861,Active,FALSE,No action required
REC-0357,2025-12-23,South,Beta,110.38,201.29,46.97,100.0,0.806,Paused,TRUE,Performance improving
REC-0358,2025-12-24,North,Epsilon,85.64,158.02,36.10,80.1,0.741,Paused,FALSE,No action required
REC-0359,2025-12-25,South,Beta,114.71,203.58,,81.0,0.762,Active,TRUE,Follow-up recommended
REC-0360,2025-12-26,North,Epsilon,96.99,170.38,41.97,74.6,0.783,Paused,FALSE,No action required
REC-0361,2025-12-27,South,Gamma,109.01,171.84,37.97,82.3,0.831,Review,TRUE,No action required
REC-0362,2025-12-28,South,Gamma,111.32,194.05,53.07,80.2,0.884,Active,TRUE,Follow-up recommended
REC-0363,2025-12-29,North,Beta,106.49,172.32,47.36,87.4,0.728,Paused,TRUE,Routine observation
REC-0364,2025-12-30,North,Alpha,104.47,174.73,45.57,82.7,0.803,Review,TRUE,Routine observation
REC-0365,2025-12-31,South,Epsilon,110.84,189.30,69.54,95.7,0.844,Active,TRUE,Performance improving
REC-0366,2026-01-01,East,Epsilon,93.83,166.23,36.16,77.0,0.812,Active,TRUE,
REC-0367,2026-01-02,South,Delta,113.21,193.28,57.60,80.5,0.771,Paused,TRUE,Routine observation
REC-0368,2026-01-03,East,Epsilon,98.22,168.12,48.48,81.4,0.778,Review,FALSE,Routine observation
REC-0369,2026-01-04,North,Alpha,100.25,168.14,47.87,88.4,0.857,Active,TRUE,No action required
REC-0370,2026-01-05,East,Delta,90.42,152.93,43.84,65.0,0.745,Active,FALSE,
REC-0371,2026-01-06,South,Beta,109.77,189.54,,79.7,0.947,Review,TRUE,No action required
REC-0372,2026-01-07,South,Alpha,104.68,191.08,47.14,90.7,0.833,Active,TRUE,No action required
REC-0373,2026-01-08,East,Beta,100.29,170.17,43.03,82.0,0.689,Active,TRUE,Follow-up recommended
REC-0374,2026-01-09,South,Beta,108.84,186.50,67.40,92.6,0.804,Review,TRUE,Routine observation
REC-0375,2026-01-10,South,Epsilon,106.41,192.52,46.03,98.1,0.798,Active,TRUE,Performance improving
REC-0376,2026-01-11,North,Delta,95.19,167.93,41.00,81.6,0.797,Paused,FALSE,No action required
REC-0377,2026-01-12,North,Beta,96.49,166.18,50.22,74.3,0.903,Active,FALSE,Follow-up recommended
REC-0378,2026-01-13,South,Beta,104.88,183.57,49.94,78.8,0.842,Active,TRUE,No action required
REC-0379,2026-01-14,South,Alpha,108.06,186.48,39.57,74.1,0.772,Active,TRUE,Follow-up recommended
REC-0380,2026-01-15,South,Alpha,113.84,207.66,65.62,86.6,0.718,Active,TRUE,Within expected range
REC-0381,2026-01-16,North,Alpha,101.32,176.28,45.71,86.0,0.750,Paused,TRUE,Routine observation
REC-0382,2026-01-17,South,Epsilon,97.58,165.62,47.98,87.5,0.760,Review,FALSE,No action required
REC-0383,2026-01-18,West,Gamma,95.11,159.10,49.27,71.9,0.822,Active,FALSE,No action required
REC-0384,2026-01-19,North,Beta,91.67,146.22,39.50,84.6,0.706,Active,TRUE,Follow-up recommended
REC-0385,2026-01-20,East,Epsilon,100.02,171.11,38.61,71.8,0.855,Active,TRUE,No action required
REC-0386,2026-01-21,North,Alpha,104.37,186.78,47.88,94.1,0.815,Active,TRUE,Routine observation
REC-0387,2026-01-22,South,Alpha,107.25,195.62,53.16,85.3,0.791,Active,TRUE,No action required
REC-0388,2026-01-23,West,Gamma,89.64,169.84,37.59,81.2,0.780,Active,TRUE,Within expected range
REC-0389,2026-01-24,West,Gamma,87.96,149.81,39.87,86.7,0.792,Active,FALSE,No action required
REC-0390,2026-01-25,South,Gamma,100.79,177.04,57.08,86.0,0.787,Active,TRUE,Routine observation
REC-0391,2026-01-26,North,Gamma,96.75,168.30,48.17,94.9,0.748,Active,FALSE,Performance improving
REC-0392,2026-01-27,East,Epsilon,89.49,162.48,36.49,77.8,0.868,Active,FALSE,Follow-up recommended
REC-0393,2026-01-28,South,Epsilon,111.96,200.22,42.05,84.2,0.914,Active,TRUE,
REC-0394,2026-01-29,North,Alpha,96.30,160.12,46.65,90.3,0.822,Review,TRUE,Routine observation
REC-0395,2026-01-30,South,Delta,109.60,190.96,46.96,89.8,0.875,Active,TRUE,Performance improving
REC-0396,2026-01-31,West,Delta,92.12,159.29,51.21,85.6,0.847,Review,FALSE,Performance improving
REC-0397,2026-02-01,South,Delta,111.51,197.07,48.85,86.7,0.774,Active,TRUE,
REC-0398,2026-02-02,South,Alpha,95.17,163.54,41.57,83.2,0.799,Active,FALSE,No action required
REC-0399,2026-02-03,South,Beta,110.15,191.10,53.76,77.8,0.680,Active,TRUE,Performance improving
REC-0400,2026-02-04,South,Alpha,105.95,189.04,61.06,83.1,0.787,Active,TRUE,Within expected range
REC-0401,2026-02-05,South,Epsilon,96.63,157.94,67.72,82.2,0.799,Active,FALSE,No action required
REC-0402,2026-02-06,South,Epsilon,105.59,171.73,54.57,78.5,0.853,Active,TRUE,
REC-0403,2026-02-07,East,Epsilon,98.56,169.06,53.39,84.0,0.857,Paused,FALSE,Performance improving
REC-0404,2026-02-08,West,Epsilon,90.52,166.73,28.70,83.8,0.758,Review,FALSE,Performance improving
REC-0405,2026-02-09,South,Gamma,100.64,177.08,46.90,81.6,0.735,Review,TRUE,Performance improving
REC-0406,2026-02-10,East,Beta,89.54,152.09,40.86,77.8,0.800,Active,FALSE,Follow-up recommended
REC-0407,2026-02-11,South,Alpha,107.44,199.25,53.99,79.8,0.867,Review,TRUE,No action required
REC-0408,2026-02-12,South,Alpha,118.76,209.31,43.03,76.8,0.856,Paused,TRUE,Routine observation
REC-0409,2026-02-13,West,Gamma,80.47,141.59,38.67,72.1,0.774,Active,FALSE,Routine observation
REC-0410,2026-02-14,North,Beta,92.01,159.99,42.78,80.0,0.797,Active,FALSE,Routine observation
REC-0411,2026-02-15,East,Delta,91.78,164.20,40.16,83.3,0.879,Active,FALSE,No action required
REC-0412,2026-02-16,South,Gamma,84.70,139.81,56.05,73.6,0.749,Active,FALSE,No action required
REC-0413,2026-02-17,South,Gamma,93.71,158.40,,81.4,0.824,Active,TRUE,No action required
REC-0414,2026-02-18,West,Alpha,89.39,161.81,41.90,79.0,0.865,Review,FALSE,No action required
REC-0415,2026-02-19,North,Alpha,90.44,153.75,49.01,79.1,0.951,Active,FALSE,Within expected range
REC-0416,2026-02-20,West,Alpha,88.69,141.20,,89.8,0.796,Review,FALSE,Within expected range
REC-0417,2026-02-21,South,Alpha,99.90,181.19,49.02,87.6,0.782,Active,FALSE,Follow-up recommended
REC-0418,2026-02-22,West,Delta,94.57,168.76,37.19,88.5,0.783,Paused,FALSE,Performance improving
REC-0419,2026-02-23,South,Alpha,112.52,198.06,57.70,84.0,0.846,Active,TRUE,
REC-0420,2026-02-24,South,Alpha,101.22,182.22,48.18,73.7,0.787,Active,TRUE,No action required
REC-0421,2026-02-25,East,Beta,90.76,159.13,48.50,72.2,0.866,Active,FALSE,Performance improving
REC-0422,2026-02-26,South,Epsilon,95.42,155.62,55.16,86.6,0.875,Active,FALSE,Routine observation
REC-0423,2026-02-27,East,Beta,81.96,144.19,,79.5,0.841,Active,FALSE,Within expected range
REC-0424,2026-02-28,North,Delta,90.52,159.70,47.70,76.2,0.733,Review,FALSE,Follow-up recommended
REC-0425,2026-03-01,South,Epsilon,97.41,175.17,53.15,80.0,0.932,Active,FALSE,
REC-0426,2026-03-02,South,Gamma,92.93,147.53,49.86,83.2,0.796,Active,FALSE,No action required
REC-0427,2026-03-03,South,Epsilon,109.55,186.67,,79.0,0.829,Paused,TRUE,Routine observation
REC-0428,2026-03-04,South,Delta,101.14,179.90,48.28,87.9,0.799,Review,TRUE,Within expected range
REC-0429,2026-03-05,West,Alpha,85.73,168.35,35.13,79.8,0.884,Active,FALSE,Routine observation
REC-0430,2026-03-06,East,Beta,83.56,151.41,37.58,80.7,0.779,Paused,FALSE,Follow-up recommended
REC-0431,2026-03-07,South,Beta,97.77,166.56,62.20,79.2,0.826,Active,FALSE,No action required
REC-0432,2026-03-08,South,Alpha,107.88,202.80,53.05,86.4,0.764,Active,TRUE,Within expected range
REC-0433,2026-03-09,West,Gamma,94.15,167.74,44.69,82.3,0.842,Review,FALSE,Within expected range
REC-0434,2026-03-10,South,Beta,99.06,166.39,48.98,76.4,0.750,Active,FALSE,Follow-up recommended
REC-0435,2026-03-11,North,Beta,91.70,161.70,55.09,94.1,0.806,Active,FALSE,
REC-0436,2026-03-12,West,Delta,90.64,151.73,37.49,86.3,0.834,Paused,TRUE,Performance improving
REC-0437,2026-03-13,West,Epsilon,87.78,145.50,36.25,87.1,0.759,Active,FALSE,
REC-0438,2026-03-14,West,Epsilon,68.69,114.79,47.72,75.7,0.848,Active,FALSE,Performance improving
REC-0439,2026-03-15,South,Beta,87.85,143.99,56.52,86.4,0.858,Paused,FALSE,Performance improving
REC-0440,2026-03-16,North,Epsilon,96.71,164.54,52.77,86.7,0.798,Paused,FALSE,Follow-up recommended
REC-0441,2026-03-17,South,Beta,101.51,176.83,48.48,88.4,0.877,Active,TRUE,Routine observation
REC-0442,2026-03-18,East,Epsilon,84.29,144.45,41.01,78.0,0.861,Active,FALSE,Follow-up recommended
REC-0443,2026-03-19,East,Delta,94.51,160.77,,86.3,0.823,Active,FALSE,Follow-up recommended
REC-0444,2026-03-20,North,Delta,97.39,162.54,62.48,82.7,0.841,Active,FALSE,Performance improving
REC-0445,2026-03-21,South,Epsilon,105.20,182.12,,86.2,0.799,Active,TRUE,Follow-up recommended
REC-0446,2026-03-22,North,Alpha,89.82,143.96,43.28,93.0,0.895,Paused,FALSE,Within expected range
REC-0447,2026-03-23,South,Epsilon,100.18,179.20,58.93,70.8,0.770,Active,TRUE,Within expected range
REC-0448,2026-03-24,East,Delta,91.66,157.96,39.49,81.2,0.871,Active,FALSE,Follow-up recommended
REC-0449,2026-03-25,East,Epsilon,83.24,154.84,42.35,73.0,0.708,Active,FALSE,Performance improving
REC-0450,2026-03-26,South,Epsilon,97.15,173.37,44.17,79.4,0.790,Review,FALSE,Follow-up recommended
REC-0451,2026-03-27,North,Alpha,90.53,144.49,,80.0,0.797,Active,FALSE,Performance improving
REC-0452,2026-03-28,East,Beta,92.24,161.79,40.56,91.2,0.813,Active,FALSE,Routine observation
REC-0453,2026-03-29,East,Epsilon,92.53,176.57,39.72,84.8,0.945,Active,FALSE,Performance improving
REC-0454,2026-03-30,South,Delta,107.90,182.60,45.75,94.2,0.754,Review,TRUE,Within expected range
REC-0455,2026-03-31,South,Alpha,108.41,192.87,62.28,89.2,0.720,Active,TRUE,Routine observation
REC-0456,2026-04-01,North,Delta,87.55,142.23,41.73,76.9,0.740,Paused,FALSE,Within expected range
REC-0457,2026-04-02,North,Beta,86.77,141.44,57.51,76.9,0.909,Active,FALSE,Routine observation
REC-0458,2026-04-03,South,Alpha,107.82,172.14,55.62,89.7,0.719,Active,TRUE,Within expected range
REC-0459,2026-04-04,East,Epsilon,88.72,153.36,,78.8,0.775,Review,FALSE,Routine observation
REC-0460,2026-04-05,East,Epsilon,90.93,153.93,45.51,78.7,0.851,Active,TRUE,Follow-up recommended
REC-0461,2026-04-06,South,Gamma,90.73,160.48,41.67,79.9,0.876,Review,TRUE,No action required
REC-0462,2026-04-07,South,Gamma,97.54,189.69,,74.9,0.866,Review,FALSE,
REC-0463,2026-04-08,West,Alpha,93.09,164.99,42.44,77.7,0.859,Review,FALSE,Performance improving
REC-0464,2026-04-09,East,Epsilon,98.43,180.82,43.82,74.8,0.933,Active,FALSE,Performance improving
REC-0465,2026-04-10,East,Delta,97.61,171.46,47.95,87.7,0.779,Active,FALSE,Follow-up recommended
REC-0466,2026-04-11,East,Gamma,86.65,152.20,36.56,80.1,0.807,Review,FALSE,No action required
REC-0467,2026-04-12,East,Alpha,94.77,160.53,52.01,83.5,0.772,Active,FALSE,Follow-up recommended
REC-0468,2026-04-13,West,Delta,92.36,163.84,38.44,74.9,0.921,Paused,FALSE,Follow-up recommended
REC-0469,2026-04-14,East,Epsilon,88.64,157.17,40.05,75.4,0.814,Active,TRUE,Follow-up recommended
REC-0470,2026-04-15,South,Epsilon,102.31,171.31,41.72,84.0,0.938,Review,TRUE,Routine observation
REC-0471,2026-04-16,South,Gamma,105.85,177.14,57.86,87.7,0.930,Active,TRUE,Within expected range
REC-0472,2026-04-17,South,Delta,103.88,164.39,,83.6,0.790,Active,TRUE,Within expected range
REC-0473,2026-04-18,West,Alpha,87.50,148.83,28.57,71.9,0.938,Active,FALSE,Performance improving
REC-0474,2026-04-19,South,Delta,102.15,183.52,53.04,87.2,0.895,Active,TRUE,Performance improving
REC-0475,2026-04-20,East,Beta,97.72,182.54,43.74,90.1,0.944,Active,FALSE,Routine observation
REC-0476,2026-04-21,West,Epsilon,93.41,158.73,,82.9,0.872,Active,FALSE,No action required
REC-0477,2026-04-22,East,Epsilon,86.88,149.84,58.88,77.9,0.840,Active,TRUE,Within expected range
REC-0478,2026-04-23,East,Beta,92.84,152.77,50.40,73.3,0.834,Review,FALSE,Routine observation
REC-0479,2026-04-24,East,Alpha,102.79,175.88,35.02,76.5,0.808,Active,TRUE,No action required
REC-0480,2026-04-25,South,Delta,104.12,178.99,40.36,97.4,0.838,Paused,TRUE,No action required
REC-0481,2026-04-26,South,Alpha,112.31,189.31,,78.6,0.810,Active,TRUE,No action required
REC-0482,2026-04-27,North,Alpha,103.07,175.19,51.83,87.5,0.855,Active,TRUE,No action required
REC-0483,2026-04-28,North,Delta,99.29,170.36,51.17,83.7,0.806,Review,FALSE,
REC-0484,2026-04-29,North,Beta,102.60,168.15,42.12,86.8,0.798,Active,TRUE,Follow-up recommended
REC-0485,2026-04-30,North,Gamma,88.70,155.36,44.53,82.8,0.902,Paused,FALSE,No action required
REC-0486,2026-05-01,South,Gamma,110.98,206.99,67.98,87.1,0.764,Review,TRUE,Routine observation
REC-0487,2026-05-02,South,Delta,112.45,187.86,45.49,85.8,0.898,Active,TRUE,Within expected range
REC-0488,2026-05-03,East,Beta,220.12,380.52,45.15,100.0,0.837,Review,FALSE,Potential anomaly - investigate
REC-0489,2026-05-04,South,Delta,105.86,195.58,51.98,86.2,0.836,Review,TRUE,Follow-up recommended
REC-0490,2026-05-05,East,Alpha,98.76,182.17,47.93,75.4,0.923,Active,FALSE,Routine observation
REC-0491,2026-05-06,South,Alpha,104.94,169.78,50.78,90.6,0.936,Active,TRUE,
REC-0492,2026-05-07,East,Delta,94.61,145.26,57.97,80.9,0.962,Active,FALSE,Performance improving
REC-0493,2026-05-08,South,Delta,116.63,210.39,,91.1,0.903,Active,TRUE,
REC-0494,2026-05-09,East,Delta,103.41,190.29,43.97,83.8,0.851,Active,TRUE,Performance improving
REC-0495,2026-05-10,West,Epsilon,100.19,175.63,42.05,76.3,0.774,Active,TRUE,No action required
REC-0496,2026-05-11,East,Delta,105.21,191.29,,89.9,0.851,Active,TRUE,Performance improving
REC-0497,2026-05-12,East,Gamma,83.48,141.69,49.80,81.6,0.863,Active,FALSE,Performance improving
REC-0498,2026-05-13,South,Alpha,107.00,182.11,47.17,92.3,0.897,Paused,TRUE,Follow-up recommended
REC-0499,2026-05-14,East,Epsilon,97.82,179.10,45.67,74.1,0.699,Active,FALSE,Routine observation
REC-0500,2026-05-15,East,Delta,101.76,188.77,51.59,80.2,0.797,Paused,TRUE,No action required
REC-0501,2026-05-16,West,Alpha,98.47,163.09,56.15,84.1,0.822,Active,FALSE,Follow-up recommended
REC-0502,2026-05-17,East,Alpha,100.74,171.58,44.16,73.9,0.796,Active,TRUE,Routine observation
REC-0503,2026-05-18,South,Beta,104.35,189.15,62.48,83.2,0.782,Review,TRUE,No action required
REC-0504,2026-05-19,East,Alpha,115.97,196.91,39.51,89.9,0.879,Active,TRUE,Follow-up recommended
REC-0505,2026-05-20,South,Epsilon,113.25,199.12,,79.9,0.859,Active,TRUE,Routine observation
REC-0506,2026-05-21,North,Epsilon,101.40,183.75,43.26,87.0,0.760,Paused,TRUE,Follow-up recommended
REC-0507,2026-05-22,South,Delta,115.73,207.47,48.62,79.9,0.841,Active,TRUE,
REC-0508,2026-05-23,South,Alpha,110.02,214.40,50.39,77.0,0.777,Review,TRUE,No action required
REC-0509,2026-05-24,East,Gamma,101.29,178.55,,92.7,0.918,Active,TRUE,Routine observation
REC-0510,2026-05-25,South,Gamma,108.11,181.89,62.93,85.4,0.841,Paused,TRUE,Routine observation
REC-0511,2026-05-26,East,Delta,102.52,179.12,43.70,90.2,0.804,Paused,TRUE,Within expected range
REC-0512,2026-05-27,South,Beta,112.14,194.99,37.90,83.4,0.889,Active,TRUE,No action required
REC-0513,2026-05-28,North,Epsilon,99.09,175.62,55.31,90.0,0.749,Active,FALSE,
REC-0514,2026-05-29,North,Delta,97.99,166.75,49.10,75.5,0.964,Paused,FALSE,No action required
REC-0515,2026-05-30,South,Beta,123.67,224.59,28.96,91.0,0.764,Active,TRUE,Routine observation
REC-0516,2026-05-31,South,Gamma,107.24,182.46,53.99,98.1,0.797,Review,TRUE,
REC-0517,2026-06-01,West,Epsilon,103.61,183.38,28.59,85.4,0.889,Active,TRUE,
REC-0518,2026-06-02,East,Beta,98.82,177.43,47.34,81.1,0.840,Active,FALSE,Follow-up recommended
REC-0519,2026-06-03,East,Alpha,112.45,195.46,50.03,93.6,0.910,Paused,TRUE,
REC-0520,2026-06-04,South,Delta,127.37,228.55,48.09,96.9,0.875,Active,TRUE,No action required
REC-0521,2026-06-05,East,Alpha,103.94,176.92,50.67,81.1,0.911,Active,TRUE,Routine observation
REC-0522,2026-06-06,North,Gamma,101.81,182.80,55.99,92.1,0.901,Active,TRUE,Follow-up recommended
REC-0523,2026-06-07,North,Delta,108.83,177.12,55.52,78.7,0.865,Active,TRUE,Within expected range
REC-0524,2026-06-08,South,Alpha,111.15,201.30,54.50,78.8,0.870,Active,TRUE,Performance improving
REC-0525,2026-06-09,South,Gamma,109.14,193.28,47.01,77.4,0.987,Active,TRUE,Performance improving
REC-0526,2026-06-10,North,Alpha,109.40,196.42,51.57,83.3,0.798,Active,TRUE,
REC-0527,2026-06-11,South,Epsilon,120.07,206.35,41.96,93.3,0.903,Active,TRUE,Follow-up recommended
REC-0528,2026-06-12,South,Epsilon,115.44,195.67,60.42,83.6,0.936,Paused,TRUE,No action required
REC-0529,2026-06-13,South,Beta,120.51,206.81,53.23,84.6,0.831,Active,TRUE,Follow-up recommended
REC-0530,2026-06-14,North,Beta,111.12,192.90,42.43,97.4,0.846,Paused,TRUE,Follow-up recommended
REC-0531,2026-06-15,West,Epsilon,101.93,182.80,44.60,90.6,0.917,Active,TRUE,Follow-up recommended
REC-0532,2026-06-16,North,Gamma,106.20,187.15,49.09,94.1,0.823,Active,TRUE,Within expected range
REC-0533,2026-06-17,South,Epsilon,111.47,205.99,46.29,87.0,1.000,Review,TRUE,Follow-up recommended
REC-0534,2026-06-18,West,Gamma,93.49,158.76,30.47,83.8,0.848,Active,FALSE,Routine observation
REC-0535,2026-06-19,South,Alpha,117.19,214.80,54.89,94.7,0.887,Active,TRUE,Routine observation
REC-0536,2026-06-20,East,Alpha,100.00,182.91,41.94,74.9,0.872,Active,FALSE,Within expected range
REC-0537,2026-06-21,South,Delta,116.52,208.60,40.53,100.0,0.886,Paused,TRUE,Performance improving
REC-0538,2026-06-22,South,Beta,115.85,210.01,34.56,76.1,0.927,Active,TRUE,No action required
REC-0539,2026-06-23,South,Epsilon,117.20,204.85,63.39,85.3,0.921,Active,TRUE,Performance improving
REC-0540,2026-06-24,South,Beta,120.05,214.82,64.56,86.9,0.937,Active,TRUE,No action required
REC-0541,2026-06-25,South,Alpha,121.05,207.37,48.90,97.1,0.849,Paused,TRUE,Within expected range
REC-0542,2026-06-26,East,Beta,103.33,194.21,45.12,68.0,0.877,Review,TRUE,Within expected range
REC-0543,2026-06-27,West,Delta,112.34,194.22,33.05,93.4,0.916,Review,TRUE,Routine observation
REC-0544,2026-06-28,East,Gamma,102.60,182.86,47.78,72.2,0.934,Active,TRUE,Routine observation
REC-0545,2026-06-29,West,Epsilon,101.55,188.27,41.87,75.4,0.897,Active,TRUE,Within expected range
REC-0546,2026-06-30,South,Epsilon,118.88,194.99,45.72,95.5,0.877,Active,TRUE,Performance improving
REC-0547,2026-07-01,North,Beta,109.97,197.12,53.63,97.6,0.786,Review,TRUE,No action required
REC-0548,2026-07-02,East,Delta,100.72,173.17,43.69,88.9,0.748,Active,TRUE,Within expected range
REC-0549,2026-07-03,East,Epsilon,89.69,153.90,45.80,84.6,0.871,Paused,FALSE,Follow-up recommended
REC-0550,2026-07-04,South,Alpha,117.20,193.01,,88.7,0.880,Active,TRUE,Performance improving
REC-0551,2026-07-05,East,Epsilon,97.91,166.38,44.75,81.4,0.870,Active,TRUE,No action required
REC-0552,2026-07-06,South,Gamma,114.18,204.22,52.72,86.9,0.825,Review,TRUE,Within expected range
REC-0553,2026-07-07,East,Epsilon,102.71,190.13,50.47,88.4,0.915,Active,TRUE,Within expected range
REC-0554,2026-07-08,North,Alpha,110.57,209.49,40.78,90.0,0.819,Paused,TRUE,No action required
REC-0555,2026-07-09,North,Gamma,109.35,190.37,40.87,85.1,0.878,Active,TRUE,Routine observation
REC-0556,2026-07-10,South,Gamma,108.67,188.01,51.29,84.0,0.901,Active,TRUE,Performance improving
REC-0557,2026-07-11,West,Delta,102.64,187.70,48.37,83.1,0.954,Active,TRUE,Within expected range
REC-0558,2026-07-12,South,Alpha,110.41,185.48,57.16,84.6,0.848,Active,TRUE,Performance improving
REC-0559,2026-07-13,East,Beta,116.06,211.71,38.03,94.3,0.906,Active,TRUE,Performance improving
REC-0560,2026-07-14,South,Gamma,112.27,197.05,39.43,91.7,0.856,Paused,TRUE,No action required
REC-0561,2026-07-15,South,Beta,115.54,198.39,51.96,94.4,0.854,Active,TRUE,Routine observation
REC-0562,2026-07-16,North,Beta,104.17,173.37,55.10,89.0,0.945,Active,TRUE,Routine observation
REC-0563,2026-07-17,South,Delta,119.14,219.75,46.56,88.6,0.811,Review,TRUE,
REC-0564,2026-07-18,South,Alpha,126.03,215.38,56.06,85.5,0.924,Active,TRUE,Follow-up recommended
REC-0565,2026-07-19,South,Beta,111.94,196.12,50.27,79.6,0.947,Paused,TRUE,No action required
REC-0566,2026-07-20,South,Beta,119.21,200.65,51.71,72.4,0.883,Review,TRUE,Within expected range
REC-0567,2026-07-21,North,Epsilon,112.42,201.00,41.29,94.5,1.000,Active,TRUE,Performance improving
REC-0568,2026-07-22,South,Gamma,112.88,203.15,53.82,87.1,0.930,Active,TRUE,Routine observation
REC-0569,2026-07-23,North,Epsilon,100.37,183.55,53.93,77.2,0.918,Paused,TRUE,Performance improving
REC-0570,2026-07-24,South,Delta,113.47,196.98,54.85,77.6,0.886,Active,TRUE,Within expected range
REC-0571,2026-07-25,East,Beta,303.85,520.21,35.45,100.0,0.940,Review,FALSE,Potential anomaly - investigate
REC-0572,2026-07-26,South,Beta,104.48,168.64,50.15,76.5,0.840,Review,TRUE,No action required
REC-0573,2026-07-27,East,Gamma,96.05,161.34,42.83,79.2,0.836,Active,FALSE,No action required
REC-0574,2026-07-28,South,Alpha,111.87,188.84,55.20,92.8,0.821,Active,TRUE,Within expected range
REC-0575,2026-07-29,South,Delta,106.99,199.04,47.50,88.7,0.896,Active,TRUE,Follow-up recommended
REC-0576,2026-07-30,East,Delta,94.33,173.55,51.42,76.9,0.908,Active,FALSE,Within expected range
REC-0577,2026-07-31,South,Beta,109.29,193.40,56.91,88.7,0.823,Review,TRUE,Performance improving
REC-0578,2026-08-01,South,Gamma,111.90,200.50,55.39,78.0,0.935,Paused,TRUE,
REC-0579,2026-08-02,West,Gamma,101.94,165.49,32.62,88.5,0.847,Active,TRUE,Routine observation
REC-0580,2026-08-03,East,Beta,106.24,194.35,50.76,81.8,0.953,Review,TRUE,Within expected range
REC-0581,2026-08-04,South,Gamma,98.12,166.64,60.15,74.8,0.947,Active,FALSE,Follow-up recommended
REC-0582,2026-08-05,West,Delta,89.35,165.04,49.12,82.6,0.875,Active,FALSE,Follow-up recommended
REC-0583,2026-08-06,West,Gamma,90.23,150.33,42.04,77.2,0.965,Active,FALSE,Routine observation
REC-0584,2026-08-07,South,Epsilon,104.06,189.67,47.38,71.8,0.855,Active,TRUE,Performance improving
REC-0585,2026-08-08,South,Gamma,102.57,173.60,67.60,83.9,0.834,Active,TRUE,Performance improving
REC-0586,2026-08-09,East,Delta,102.09,172.44,53.66,88.6,0.787,Active,TRUE,Performance improving
REC-0587,2026-08-10,East,Gamma,96.39,161.25,42.74,73.2,0.820,Active,FALSE,Routine observation
REC-0588,2026-08-11,South,Delta,113.52,194.48,44.01,91.7,0.876,Active,TRUE,Follow-up recommended
REC-0589,2026-08-12,East,Beta,100.61,183.03,34.27,84.6,0.835,Active,TRUE,Follow-up recommended
REC-0590,2026-08-13,East,Gamma,97.22,177.98,48.94,93.4,1.000,Active,FALSE,No action required
REC-0591,2026-08-14,West,Delta,92.93,166.60,51.31,84.0,0.940,Active,FALSE,Follow-up recommended
REC-0592,2026-08-15,West,Alpha,103.43,181.87,43.35,70.3,0.920,Active,TRUE,Follow-up recommended
REC-0593,2026-08-16,East,Gamma,90.08,157.46,36.13,76.5,0.905,Active,FALSE,Follow-up recommended
REC-0594,2026-08-17,North,Gamma,101.77,177.21,42.96,84.9,0.813,Active,TRUE,Routine observation
REC-0595,2026-08-18,West,Delta,92.46,156.91,,78.4,0.794,Active,FALSE,No action required
REC-0596,2026-08-19,South,Gamma,118.80,207.51,61.25,86.6,0.888,Active,TRUE,No action required
REC-0597,2026-08-20,South,Gamma,105.36,195.76,62.91,88.1,0.899,Active,TRUE,No action required
REC-0598,2026-08-21,South,Alpha,110.29,201.98,54.19,88.2,0.919,Active,TRUE,Within expected range
REC-0599,2026-08-22,West,Epsilon,92.46,170.58,26.96,74.5,0.883,Paused,FALSE,Performance improving
REC-0600,2026-08-23,West,Delta,98.37,173.64,41.24,84.2,0.884,Active,FALSE,Routine observation
REC-0026,2025-01-26,North,Delta,87.84,154.87,46.15,78.0,0.717,Active,FALSE,Performance improving
REC-0100,2025-04-10,South,Gamma,84.54,149.11,53.23,65.2,0.692,Paused,FALSE,Performance improving
REC-0145,2025-05-25,West,Beta,71.09,125.05,32.60,78.4,0.758,Active,FALSE,
REC-0234,2025-08-22,East,Delta,88.76,154.35,40.23,71.8,0.743,Active,FALSE,Routine observation
REC-0319,2025-11-15,East,Beta,83.89,167.17,50.56,77.3,0.833,Paused,FALSE,No action required
REC-0403,2026-02-07,East,Epsilon,98.56,169.06,53.39,84.0,0.857,Paused,FALSE,Performance improving
REC-0512,2026-05-27,South,Beta,112.14,194.99,37.90,83.4,0.889,Active,TRUE,No action required
REC-0581,2026-08-04,South,Gamma,98.12,166.64,60.15,74.8,0.947,Active,FALSE,Follow-up recommended
